ciudad,lat,lon,resultado_geocodificacion,fecha_consulta
A Coruña,43.3466447,-8.4127029,"A Coruña, GA, Spain",2026-10-08T18:43:42.601821-05:00
Albacete,38.9950921,-1.8559154,"Albacete, CM, Spain",2026-10-08T18:43:43.699551-05:00
Alicante,38.3436365,-0.4881708,"Alicante, VC, Spain",2026-10-08T18:43:45.038505-05:00
Almería,36.8685739,-2.3120282,"Almeria, AN, Spain",2026-10-08T18:43:46.283179-05:00
Ávila,40.656478,-4.7002172,"Ávila, CL, Spain",2026-10-08T18:43:47.599811-05:00
Badajoz,38.878187,-6.9701115,"Badajoz, EX, Spain",2026-10-08T18:43:48.699821-05:00
Barcelona,41.3825802,2.177073,"Barcelona, CT, Spain",2026-10-08T18:43:49.879230-05:00
Bilbao,43.2630018,-2.9350039,"Bilbao, PV, Spain",2026-10-08T18:43:52.440341-05:00
Burgos,42.3448498,-3.6812477,"Burgos, CL, Spain",2026-10-08T18:43:53.691213-05:00
Cáceres,39.4745175,-6.3716761,"Cáceres, EX, Spain",2026-10-08T18:43:54.944161-05:00
Cádiz,36.5297438,-6.2928976,"Cádiz, AN, Spain",2026-10-08T18:43:55.894239-05:00
Castellón de la Plana,39.9860347,-0.0377354,"Castelló de la Plana, VC, Spain",2026-10-08T18:43:56.802747-05:00
Ciudad Real,38.9854201,-3.9285138,"Ciudad Real, CM, Spain",2026-10-08T18:43:58.594158-05:00
Córdoba,37.8845813,-4.7760138,"Córdoba, AN, Spain",2026-10-08T18:44:00.218372-05:00
Cuenca,40.0661031,-2.1313528,"Cuenca, CM, Spain",2026-10-08T18:44:01.331124-05:00
Girona,41.9793006,2.8199439,"Girona, CT, Spain",2026-10-08T18:44:02.281368-05:00
Granada,37.1734995,-3.5995337,"Granada, AN, Spain",2026-10-08T18:44:03.545136-05:00
Guadalajara,40.6326979,-3.1646067,"Guadalajara, CM, Spain",2026-10-08T18:44:05.151242-05:00
Huelva,37.2575874,-6.9484945,"Huelva, AN, Spain",2026-10-08T18:44:06.194168-05:00
Huesca,42.1382539,-0.4080901,"Huesca, Aragon, Spain",2026-10-08T18:44:07.240050-05:00
Jaén,37.7728858,-3.7883289,"Jaén, AN, Spain",2026-10-08T18:44:08.160265-05:00
León,42.5934528,-5.5616416,"León, CL, Spain",2026-10-08T18:44:09.256219-05:00
Lleida,41.6147605,0.6267842,"Lleida, CT, Spain",2026-10-08T18:44:10.349955-05:00
Logroño,42.4661196,-2.4396676,"Logroño, RI, Spain",2026-10-08T18:44:11.584208-05:00
Lugo,42.9913123,-7.5908294,"Lugo, GA, Spain",2026-10-08T18:44:12.698093-05:00
Madrid,40.416782,-3.703507,"Madrid, MD, Spain",2026-10-08T18:44:14.718244-05:00
Málaga,36.7647913,-4.4422005,"Málaga, AN, Spain",2026-10-08T18:44:15.929972-05:00
Murcia,37.9923795,-1.1305431,"Murcia, MC, Spain",2026-10-08T18:44:16.874759-05:00
Ourense,42.3438932,-7.8571773,"Ourense, GA, Spain",2026-10-08T18:44:17.904277-05:00
Oviedo,43.3533452,-5.8795096,"Oviedo, AS, Spain",2026-10-08T18:44:18.906329-05:00
Palencia,42.0108856,-4.5328735,"Palencia, CL, Spain",2026-10-08T18:44:19.940233-05:00
Pamplona,42.815686,-1.6522353,"Pamplona, NC, Spain",2026-10-08T18:44:21.016981-05:00
Pontevedra,42.428065,-8.6041447,"Pontevedra, GA, Spain",2026-10-08T18:44:21.969847-05:00
Salamanca,40.9651572,-5.6640182,"Salamanca, CL, Spain",2026-10-08T18:44:23.465179-05:00
San Sebastián,43.3224219,-1.9838889,"San Sebastián, PV, Spain",2026-10-08T18:44:24.507870-05:00
Santander,43.4618932,-3.8100255,"Santander, CB, Spain",2026-10-08T18:44:27.726248-05:00
Segovia,40.9481192,-4.1172101,"Segovia, CL, Spain",2026-10-08T18:44:28.815250-05:00
Sevilla,37.3886303,-5.9953403,"Seville, AN, Spain",2026-10-08T18:44:30.197296-05:00
Soria,41.7633842,-2.4642041,"Soria, CL, Spain",2026-10-08T18:44:31.457285-05:00
Tarragona,41.1172364,1.2546057,"Tarragona, CT, Spain",2026-10-08T18:44:32.627161-05:00
Teruel,40.3436719,-1.1081939,"Teruel, Aragon, Spain",2026-10-08T18:44:33.753438-05:00
Toledo,39.8558913,-4.024265,"Toledo, CM, Spain",2026-10-08T18:44:35.282647-05:00
Valencia,39.4697065,-0.3763353,"Valencia, VC, Spain",2026-10-08T18:44:36.882898-05:00
Valladolid,41.6521807,-4.728605,"Valladolid, CL, Spain",2026-10-08T18:44:37.992187-05:00
Vitoria-Gasteiz,42.8465088,-2.6724025,"Vitoria-Gasteiz, PV, Spain",2026-10-08T18:44:39.028467-05:00
Zamora,41.5162772,-5.7736011,"Zamora, CL, Spain",2026-10-08T18:44:40.867187-05:00
Zaragoza,41.6521342,-0.8809428,"Zaragoza, Aragon, Spain",2026-10-08T18:44:42.849330-05:00
