ciudad,A Coruña,Albacete,Alicante,Almería,Ávila,Badajoz,Barcelona,Bilbao,Burgos,Cáceres,Cádiz,Castellón de la Plana,Ciudad Real,Córdoba,Cuenca,Girona,Granada,Guadalajara,Huelva,Huesca,Jaén,León,Lleida,Logroño,Lugo,Madrid,Málaga,Murcia,Ourense,Oviedo,Palencia,Pamplona,Pontevedra,Salamanca,San Sebastián,Santander,Segovia,Sevilla,Soria,Tarragona,Teruel,Toledo,Valencia,Valladolid,Vitoria-Gasteiz,Zamora,Zaragoza
A Coruña,0.0,7.440833333333333,8.839444444444444,10.000277777777777,4.577222222222222,6.429166666666666,9.45861111111111,4.878055555555555,4.214444444444444,5.779444444444445,8.979722222222222,8.984166666666667,6.9383333333333335,8.68361111111111,6.758055555555556,10.043888888888889,8.785555555555556,5.7652777777777775,8.280277777777778,7.459444444444444,8.032777777777778,2.7930555555555556,8.033333333333333,6.027777777777778,0.9344444444444444,5.218055555555556,10.637222222222222,8.693055555555556,1.5894444444444444,2.568888888888889,3.9783333333333335,6.022777777777778,1.4858333333333333,4.0125,5.806666666666667,4.0311111111111115,4.753888888888889,7.890555555555555,5.836666666666667,8.831388888888888,8.299722222222222,5.729444444444445,8.338611111111112,3.8016666666666667,5.200555555555556,3.5883333333333334,6.851944444444444
Albacete,7.533333333333333,0.0,1.5447222222222223,2.9594444444444443,3.533888888888889,5.152777777777778,4.841944444444445,5.671111111111111,4.303055555555556,4.608611111111111,5.764722222222222,2.5394444444444444,2.0080555555555555,3.6144444444444446,1.6858333333333333,5.56,3.5766666666666667,2.649722222222222,5.5775,4.799722222222222,2.8108333333333335,5.410555555555556,4.748888888888889,5.215277777777778,6.675,2.3558333333333334,5.318333333333333,1.3977777777777778,6.903333333333333,6.395555555555555,4.657777777777778,5.727777777777778,7.986944444444444,4.352222222222222,6.1883333333333335,6.164166666666667,3.3469444444444445,4.806388888888889,4.0975,4.1130555555555555,2.6575,2.3633333333333333,1.7633333333333334,4.343333333333334,5.296666666666667,4.914722222222222,4.210555555555556
Alicante,8.846111111111112,1.535,0.0,2.526111111111111,4.890555555555555,6.509444444444444,4.776111111111111,6.984166666666667,5.659722222222222,5.965277777777778,6.376666666666667,2.457222222222222,3.3647222222222224,4.970833333333333,3.0430555555555556,5.494166666666667,3.261111111111111,4.006388888888889,6.395277777777777,5.366666666666666,4.215833333333333,6.767222222222222,4.683055555555556,5.849444444444444,8.08388888888889,3.712222222222222,5.042222222222223,0.8638888888888889,8.207777777777778,7.7,6.014444444444444,5.988333333333333,9.343333333333334,5.708888888888889,6.779722222222222,7.520833333333333,4.703611111111111,5.589444444444444,5.454166666666667,3.921111111111111,3.0005555555555556,3.7202777777777776,1.6816666666666666,5.699722222222222,6.653333333333333,6.271111111111111,4.777777777777778
Almería,10.218055555555555,2.8897222222222223,2.4122222222222223,0.0,6.165277777777778,7.595277777777778,6.671111111111111,8.384444444444444,7.016666666666667,6.5377777777777775,4.723333333333334,4.351944444444444,4.0633333333333335,3.361111111111111,4.398333333333333,7.388888888888889,1.6075,5.363333333333333,4.741944444444444,6.955,2.203888888888889,8.086944444444445,6.5777777777777775,7.743333333333333,9.403611111111111,5.069166666666667,3.388888888888889,1.8191666666666666,9.579722222222221,9.071944444444444,7.371111111111111,7.883055555555556,10.663055555555555,7.028333333333333,8.674444444444445,8.877777777777778,6.060555555555555,3.936111111111111,6.811111111111111,5.815833333333333,4.895277777777777,4.703333333333333,3.576111111111111,7.019444444444445,8.01,7.590833333333333,6.3661111111111115
Ávila,4.602222222222222,3.4505555555555554,4.849166666666667,5.996111111111111,0.0,3.723611111111111,6.637777777777778,3.762777777777778,2.4019444444444447,2.859166666666667,5.8933333333333335,4.994166666666667,2.866388888888889,4.679722222222222,2.767777777777778,7.223055555555556,4.781666666666666,1.7752777777777777,5.592777777777778,4.639166666666667,4.028611111111111,2.471388888888889,5.2125,3.629722222222222,3.7875,1.2277777777777779,6.523611111111111,4.7027777777777775,3.963611111111111,3.456111111111111,1.7761111111111112,4.210277777777778,5.0472222222222225,0.9927777777777778,4.28,3.4769444444444444,0.8766666666666667,4.804166666666666,2.9516666666666667,6.010555555555555,4.230833333333333,1.6525,4.348333333333334,1.4033333333333333,3.3880555555555554,1.8516666666666666,4.080277777777778
Badajoz,6.5697222222222225,5.404444444444445,6.4825,5.918055555555555,3.7441666666666666,0.0,8.900833333333333,6.288888888888889,4.928333333333334,1.1905555555555556,3.3330555555555557,6.867222222222222,3.1633333333333336,3.3155555555555556,4.968055555555556,9.485833333333334,4.635833333333333,4.028333333333333,2.7280555555555557,6.901666666666666,4.286111111111111,4.654166666666667,7.475555555555555,6.155555555555556,5.970833333333333,3.5805555555555557,4.999444444444444,6.335833333333333,5.616388888888889,5.638888888888889,4.301944444444445,6.7363888888888885,5.490555555555556,2.8766666666666665,6.806111111111111,6.003055555555555,4.206111111111111,2.181111111111111,5.476111111111111,8.331111111111111,6.618055555555555,3.2530555555555556,6.223055555555556,3.9294444444444445,5.914166666666667,3.687777777777778,6.563888888888889
Barcelona,9.446388888888889,4.884444444444444,4.8197222222222225,6.746666666666667,6.581388888888889,8.895833333333334,0.0,5.293888888888889,5.310555555555555,8.060277777777777,9.867777777777778,2.6894444444444443,6.1113888888888885,7.716388888888889,5.0713888888888885,1.0305555555555554,7.513055555555556,4.95,9.680277777777778,2.6433333333333335,7.066666666666666,6.763888888888889,1.5677777777777777,4.158611111111111,8.631666666666666,5.499444444444444,9.293611111111112,5.179166666666666,9.258055555555556,7.864722222222222,6.048333333333333,4.298055555555556,10.341944444444444,7.363611111111111,5.089444444444444,6.210555555555556,6.394444444444445,8.909444444444444,4.318333333333333,1.07,3.9741666666666666,6.096666666666667,3.2472222222222222,6.385277777777778,4.936111111111111,7.4063888888888885,2.8430555555555554
Bilbao,5.605833333333333,5.662222222222222,6.964166666666666,8.48,3.7888888888888888,6.2775,5.3175,0.0,1.4691666666666667,5.325833333333334,8.525833333333333,5.539166666666667,5.482222222222222,7.152777777777778,4.978611111111111,5.9025,7.256111111111111,3.812222222222222,8.14638888888889,3.2527777777777778,6.502777777777778,2.9233333333333333,3.8919444444444444,1.3047222222222221,4.791111111111111,3.6013888888888888,8.997222222222222,6.914444444444444,5.417777777777777,2.7080555555555557,2.2069444444444444,1.511111111111111,6.0247222222222225,3.5230555555555556,1.0527777777777778,1.0663888888888888,3.3505555555555557,7.436388888888889,2.3005555555555555,4.690277777777778,4.14,4.289722222222222,5.386388888888889,2.5444444444444443,0.715,3.5658333333333334,2.7108333333333334
Burgos,4.236666666666666,4.293888888888889,5.6925,7.1113888888888885,2.4730555555555553,4.908333333333333,5.355833333333333,1.4727777777777777,0.0,4.01,7.156666666666666,5.6161111111111115,4.113888888888889,5.784166666666667,3.6102777777777777,5.940833333333333,5.8875,2.443888888888889,6.777222222222222,3.6625,5.134444444444444,1.6127777777777779,3.930277777777778,1.2894444444444444,3.4219444444444442,2.2327777777777778,7.628611111111111,5.545833333333333,4.048611111111111,2.6605555555555553,0.8375,1.9208333333333334,5.1325,2.153611111111111,1.9902777777777778,1.8947222222222222,1.9822222222222223,6.067222222222222,1.7555555555555555,4.728611111111111,4.1786111111111115,2.921111111111111,5.191388888888889,1.1752777777777779,1.0983333333333334,2.196388888888889,2.7491666666666665
Cáceres,5.752777777777778,4.5777777777777775,5.976111111111111,6.114722222222222,2.722777777777778,1.228611111111111,8.074166666666667,5.256388888888889,3.8958333333333335,0.0,3.477222222222222,6.360833333333333,3.161388888888889,3.450277777777778,4.141388888888889,8.659166666666666,4.832777777777777,3.2016666666666667,3.097777777777778,6.075,4.493888888888889,3.6219444444444444,6.648888888888889,5.123055555555555,4.9383333333333335,2.753888888888889,5.134166666666666,5.829444444444444,4.946666666666666,4.606388888888889,3.2694444444444444,5.703888888888889,6.030555555555556,1.8441666666666667,5.870277777777778,4.970833333333333,3.3794444444444443,2.3880555555555554,4.649444444444445,7.492222222222222,5.791388888888889,2.426388888888889,5.716666666666667,2.8969444444444443,4.881666666666667,2.6552777777777776,5.516666666666667
Cádiz,9.045833333333333,5.7380555555555555,6.3675,4.604166666666667,5.934166666666667,3.2447222222222223,10.226666666666667,8.549444444444445,7.188611111111111,3.486111111111111,0.0,7.9094444444444445,4.261388888888889,2.433333333333333,6.402222222222222,10.944722222222222,3.325833333333333,6.309166666666667,2.01,9.1825,3.468611111111111,6.914444444444444,9.755833333333333,8.874444444444444,8.231388888888889,5.799166666666666,3.0230555555555556,5.7747222222222225,8.24,7.899444444444445,6.562777777777778,8.996666666666666,9.323611111111111,5.1369444444444445,9.06638888888889,8.26361111111111,6.424722222222222,1.2666666666666666,7.756111111111111,9.371666666666666,7.828611111111111,5.398611111111111,7.264722222222222,6.19,8.174722222222222,5.948333333333333,8.623611111111112
Castellón de la Plana,9.006666666666666,2.4819444444444443,2.4166666666666665,4.336944444444445,4.9991666666666665,7.174722222222222,2.6638888888888888,5.544722222222222,5.566666666666666,6.315277777777778,7.464444444444444,0.0,3.7088888888888887,5.353055555555556,2.668888888888889,3.381666666666667,5.4158333333333335,4.086111111111111,7.276944444444444,3.620277777777778,4.701666666666667,6.823888888888889,2.5708333333333333,4.4094444444444445,8.14,3.821111111111111,6.890555555555555,2.776111111111111,8.368333333333334,8.110277777777778,6.135277777777778,4.549166666666666,9.451944444444445,5.765,5.3405555555555555,6.461388888888889,4.811944444444444,6.506111111111111,3.8733333333333335,1.8086111111111112,1.5602777777777779,4.0633333333333335,0.8441666666666666,5.808055555555556,5.186944444444444,6.379722222222222,3.0319444444444446
Ciudad Real,7.013055555555556,1.9619444444444445,3.3605555555555555,3.850277777777778,2.863611111111111,3.1683333333333334,6.064166666666667,5.4383333333333335,4.070833333333334,3.132222222222222,4.248888888888889,3.745,0.0,2.0972222222222223,2.5325,6.782222222222222,2.6302777777777777,2.439722222222222,4.061388888888889,5.313611111111111,1.8769444444444445,4.8822222222222225,5.8869444444444445,5.0055555555555555,6.198611111111111,2.044722222222222,4.201666666666667,3.213888888888889,6.374722222222222,5.866666666666666,4.186944444444444,5.663333333333333,7.458333333333333,3.7869444444444444,5.955555555555556,5.931666666666667,2.8183333333333334,3.2905555555555557,3.8872222222222224,5.208888888888889,3.6661111111111113,1.4008333333333334,3.1005555555555557,3.8141666666666665,5.063888888888889,4.386111111111111,4.754722222222222
Córdoba,8.706944444444444,3.598611111111111,4.998333333333333,3.2180555555555554,4.654166666666667,3.1433333333333335,8.020555555555555,7.101111111111111,5.733611111111111,3.398888888888889,2.3691666666666666,5.703333333333333,2.053611111111111,0.0,4.195555555555556,8.738611111111112,1.9736111111111112,4.1025,2.181111111111111,6.976388888888889,1.261111111111111,6.827222222222222,7.549722222222222,6.668055555555555,7.8925,3.7075,2.321111111111111,4.761388888888889,8.1525,7.560555555555555,5.880833333333333,7.3261111111111115,8.63111111111111,5.049722222222222,7.618333333333333,7.594444444444444,4.512222222222222,1.4102777777777777,5.55,7.165277777777778,5.6225,3.191666666666667,5.058611111111111,5.508055555555556,6.726666666666667,6.079722222222222,6.4175
Cuenca,6.7988888888888885,1.6058333333333332,3.0044444444444443,4.418611111111111,2.7911111111111113,4.943333333333333,5.032222222222222,5.138333333333334,3.5605555555555557,4.1075,6.185277777777777,2.7130555555555556,2.428888888888889,4.034722222222222,0.0,5.750277777777778,4.136666666666667,1.6777777777777778,5.997777777777777,3.862222222222222,3.383611111111111,4.668055555555555,4.939166666666667,4.0505555555555555,5.984444444444445,1.6130555555555555,5.878333333333333,2.8577777777777778,6.160277777777778,5.6525,3.914722222222222,4.708333333333333,7.243888888888889,3.6094444444444442,5.499444444444444,5.421388888888889,2.6041666666666665,5.226944444444444,3.140277777777778,4.177222222222222,1.7125,1.8477777777777777,2.068611111111111,3.591388888888889,4.5536111111111115,4.119166666666667,3.2736111111111112
Girona,10.061388888888889,5.632777777777778,5.5680555555555555,7.488333333333333,7.1963888888888885,9.511111111111111,1.0419444444444443,5.909166666666667,5.924444444444444,8.675277777777778,10.616111111111111,3.437777777777778,6.880833333333333,8.48611111111111,5.8197222222222225,0.0,8.261388888888888,5.564722222222223,10.428888888888888,3.171666666666667,7.814444444444445,7.378888888888889,2.096111111111111,4.773611111111111,9.246666666666666,6.114444444444445,10.041666666666666,5.927222222222222,9.873611111111112,8.48,6.662222222222222,4.8180555555555555,10.9575,7.978055555555556,5.341944444444445,6.825555555555556,7.009444444444444,9.657777777777778,4.933611111111111,1.8183333333333334,4.86,6.711666666666667,3.9955555555555557,7.0,5.551111111111111,8.020833333333334,3.457777777777778
Granada,8.934166666666666,3.595,3.3019444444444446,1.5555555555555556,4.880833333333333,4.562777777777778,7.560277777777777,7.3277777777777775,5.960277777777778,4.804444444444444,3.3538888888888887,5.241388888888889,2.7802777777777776,2.0075,4.4225,8.278333333333334,0.0,4.329444444444444,3.3733333333333335,7.203333333333333,0.9197222222222222,6.803055555555556,7.467222222222222,6.894166666666667,8.119444444444444,3.9344444444444444,2.019722222222222,2.7086111111111113,8.295555555555556,7.7875,6.107777777777778,7.552777777777778,9.379166666666666,5.744166666666667,7.845,7.8213888888888885,4.739166666666667,2.5677777777777777,5.776944444444444,6.705,5.865277777777778,3.4202777777777778,4.4655555555555555,5.735277777777778,6.953333333333333,6.307222222222222,6.644722222222223
Guadalajara,5.778611111111111,2.6205555555555557,4.019722222222223,5.433888888888889,1.7705555555555557,4.064166666666667,5.046944444444445,3.8280555555555558,2.4225,3.2283333333333335,6.278611111111111,4.138055555555556,2.4575,4.1275,1.7041666666666666,5.631944444444445,4.230833333333333,0.0,5.869722222222222,3.0480555555555555,3.5005555555555556,3.6475,3.6213888888888888,2.738888888888889,4.963888888888889,0.6672222222222223,5.971388888888889,3.8730555555555557,5.14,4.631944444444445,2.7769444444444447,3.3975,6.223888888888889,2.588611111111111,4.189166666666667,4.283611111111111,1.583611111111111,5.159722222222222,1.6222222222222222,4.419722222222222,2.637777777777778,1.2644444444444445,3.5183333333333335,2.5797222222222222,3.4155555555555557,3.151666666666667,2.4894444444444446
Huelva,8.655,5.674722222222222,6.389722222222222,4.620277777777778,5.542777777777777,2.7383333333333333,10.095833333333333,8.158333333333333,7.4686111111111115,3.0952777777777776,1.978611111111111,7.776944444444444,4.628888888888889,2.3027777777777776,7.499722222222222,10.813888888888888,3.3475,5.915555555555556,0.0,8.73,3.3380555555555556,6.523611111111111,9.303055555555556,8.420833333333333,7.8405555555555555,5.408333333333333,3.65,5.796944444444445,7.5225,7.508611111111111,6.171666666666667,8.606111111111112,7.355277777777777,4.746111111111111,8.675277777777778,7.872777777777777,6.033888888888889,0.8891666666666667,7.303333333333334,9.240833333333333,8.151944444444444,6.4975,7.1338888888888885,5.799166666666666,7.783611111111111,5.5575,8.171111111111111
Huesca,7.481388888888889,4.812777777777778,5.095833333333333,7.016111111111111,4.616388888888889,6.931111111111111,2.612222222222222,3.2644444444444445,3.3444444444444446,6.095277777777778,9.614722222222222,3.671111111111111,5.324722222222222,6.994722222222222,3.8875,3.1283333333333334,7.097777777777778,2.9844444444444442,8.736666666666666,0.0,6.344166666666666,4.798611111111111,1.1827777777777777,2.193611111111111,6.666666666666667,3.5344444444444445,8.838611111111112,5.455277777777778,7.293611111111111,5.8997222222222225,4.082222222222223,1.876111111111111,8.377222222222223,5.397777777777778,2.667777777777778,4.180833333333333,4.498611111111111,8.656666666666666,2.3536111111111113,2.141111111111111,2.2716666666666665,4.131666666666667,3.5180555555555557,4.42,2.7755555555555556,5.440833333333333,0.8238888888888889
Jaén,8.19,2.823888888888889,3.878888888888889,2.109166666666667,4.136388888888889,4.226388888888889,7.491666666666666,6.583888888888889,5.215833333333333,4.481388888888889,3.493333333333333,5.172777777777778,2.036388888888889,1.3555555555555556,3.678611111111111,8.209722222222222,0.8947222222222222,3.5855555555555556,3.3205555555555555,6.4591666666666665,0.0,6.058888888888889,7.033055555555555,6.150277777777778,7.375555555555556,3.1902777777777778,2.6358333333333333,3.285833333333333,7.551111111111111,7.043611111111111,5.363611111111111,6.808611111111111,8.635,5.000277777777778,7.101111111111111,7.0775,3.995,2.549166666666667,5.033055555555555,6.636666666666667,5.120277777777778,2.6883333333333335,4.441388888888889,4.991388888888889,6.209444444444444,5.563055555555556,5.900277777777778
León,2.825277777777778,5.346388888888889,6.745555555555556,7.9063888888888885,2.4833333333333334,4.636666666666667,6.817222222222222,2.933611111111111,1.5730555555555557,3.685,6.885277777777778,7.0569444444444445,4.8438888888888885,6.589444444444444,4.663611111111111,7.402222222222222,6.691388888888889,3.671111111111111,6.506111111111111,4.8180555555555555,5.938611111111111,0.0,5.391944444444444,2.8008333333333333,2.0105555555555554,3.123611111111111,8.432777777777778,6.598888888888889,2.8336111111111113,1.2783333333333333,1.3377777777777777,3.381111111111111,3.730277777777778,1.9177777777777778,3.450833333333333,2.3730555555555557,2.6597222222222223,5.796111111111111,3.1952777777777777,6.190277777777778,5.660277777777778,3.635,6.244166666666667,1.6305555555555555,2.5591666666666666,1.4938888888888888,4.210833333333333
Lleida,8.017222222222221,4.793888888888889,4.729166666666667,6.649444444444445,5.152222222222222,7.467222222222222,1.6355555555555557,3.8647222222222224,3.881388888888889,6.631111111111111,9.634722222222223,2.598888888888889,5.86,7.5313888888888885,4.431388888888889,2.1330555555555555,7.633333333333334,3.520277777777778,9.255555555555556,1.1936111111111112,6.8805555555555555,5.334444444444444,0.0,2.8466666666666667,7.2025,4.070277777777778,9.374722222222223,5.088611111111111,7.828888888888889,6.435833333333333,4.618055555555555,2.868888888888889,8.913055555555555,5.970555555555555,3.678888888888889,4.7813888888888885,4.965,8.562777777777777,2.961388888888889,1.0083333333333333,2.8336111111111113,4.6675,3.1566666666666667,4.9558333333333335,3.5069444444444446,5.976666666666667,1.4136111111111112
Logroño,5.459444444444444,5.573888888888889,5.856944444444444,7.777222222222222,3.6425,6.131111111111111,4.21,1.301111111111111,1.3083333333333333,5.179444444444444,8.379444444444445,4.4319444444444445,5.033055555555555,6.704444444444444,4.080277777777778,4.795,6.806388888888889,2.6927777777777777,8.000277777777777,2.2108333333333334,6.0536111111111115,2.7716666666666665,2.7847222222222223,0.0,4.639722222222222,3.243333333333333,8.547777777777778,6.216388888888889,5.271388888888889,3.859166666666667,2.060277777777778,0.8555555555555555,6.355277777777777,3.376388888888889,1.6297222222222223,2.2172222222222224,3.2041666666666666,7.290555555555556,1.2155555555555555,3.5830555555555557,3.0327777777777776,3.8405555555555555,4.278888888888889,2.3930555555555557,0.9455555555555556,3.4138888888888888,1.603611111111111
Lugo,0.9927777777777778,6.6675,8.066666666666666,9.227222222222222,4.235277777777778,5.957777777777777,8.685555555555556,4.595555555555555,3.441388888888889,5.006111111111111,8.206111111111111,8.209166666666667,6.165,7.910555555555556,5.984444444444445,9.270277777777778,8.0125,4.992222222222222,7.827222222222222,6.686111111111111,7.259722222222222,2.02,7.26,4.668888888888889,0.0,4.4447222222222225,9.75361111111111,7.919722222222222,1.0530555555555556,2.2855555555555553,3.206111111111111,5.249444444444444,1.818888888888889,3.2391666666666667,5.319166666666667,3.7483333333333335,3.9805555555555556,7.117222222222222,5.0633333333333335,8.058333333333334,7.4475,4.956111111111111,7.565277777777778,3.0280555555555555,4.4275,2.815,6.078888888888889
Madrid,5.239166666666667,2.3194444444444446,3.718611111111111,5.071666666666666,1.191111111111111,3.563888888888889,5.539444444444444,3.5966666666666667,2.2825,2.7288888888888887,5.7491666666666665,3.8627777777777776,2.038611111111111,3.7911111111111113,1.636111111111111,6.124722222222222,3.8575,0.6669444444444445,5.37,3.5522222222222224,3.1419444444444444,3.0680555555555555,4.114722222222222,3.2952777777777778,4.384444444444444,0.0,5.598611111111111,3.571388888888889,4.560833333333333,4.0525,2.372777777777778,3.890277777777778,5.644166666666667,2.0094444444444446,4.113611111111111,4.073888888888889,1.0041666666666667,4.762777777777778,2.1144444444444446,4.912222222222222,3.1847222222222222,0.8294444444444444,3.2169444444444446,2.0,3.2222222222222223,2.5722222222222224,2.993333333333333
Málaga,10.653888888888888,5.314722222222223,5.0325,2.9480555555555554,6.600833333333333,4.836111111111111,9.29111111111111,9.048055555555555,7.6802777777777775,5.0775,3.0858333333333334,6.972222222222222,4.4991666666666665,2.3705555555555557,7.019166666666667,10.009166666666667,1.9905555555555556,6.049444444444444,3.6144444444444446,8.92361111111111,2.6397222222222223,8.523055555555555,9.497222222222222,8.615277777777777,9.839166666666667,5.654444444444445,0.0,4.439444444444445,10.085277777777778,9.5075,7.8277777777777775,9.272777777777778,10.304166666666667,6.7283333333333335,9.565,9.54138888888889,6.4591666666666665,2.8408333333333333,7.496944444444445,8.436388888888889,7.799722222222222,5.139444444444444,6.1963888888888885,7.455,8.67361111111111,8.026944444444444,8.364722222222222
Murcia,8.713333333333333,1.3480555555555556,0.8041666666666667,1.8622222222222222,4.705555555555556,6.3244444444444445,5.129444444444444,6.8425,5.474722222222222,5.780555555555556,5.7508333333333335,2.810277777777778,3.193888888888889,4.388333333333334,2.873611111111111,5.847222222222222,2.6352777777777776,3.821388888888889,5.736944444444444,5.4127777777777775,3.3530555555555557,6.5825,5.036111111111111,6.387222222222222,7.898611111111111,3.5277777777777777,4.439722222222223,0.0,8.075277777777778,7.566944444444444,5.829444444444444,6.341388888888889,9.158611111111112,5.523888888888889,7.4158333333333335,7.335833333333333,4.518611111111111,4.962777777777778,5.268888888888889,4.274444444444445,3.3536111111111113,3.535277777777778,2.0344444444444445,5.514444444444444,6.468055555555556,6.086388888888889,4.823888888888889
Ourense,1.6716666666666666,6.763333333333334,8.1625,9.3225,3.899722222222222,5.489444444444445,9.243611111111111,5.36,3.9994444444444444,4.926666666666667,8.126944444444444,8.30638888888889,6.260833333333333,8.102222222222222,6.080277777777778,9.828611111111112,8.108333333333333,5.087777777777778,7.4875,7.244166666666667,7.355277777777777,2.7127777777777777,7.818333333333333,5.226944444444444,1.0602777777777779,4.540277777777778,9.785,8.015277777777778,0.0,3.3105555555555557,3.4466666666666668,5.807777777777778,1.2519444444444445,3.1591666666666667,5.877222222222223,4.799444444444444,4.076388888888889,7.0475,5.2555555555555555,9.251388888888888,8.086666666666666,5.051666666666667,7.660833333333334,3.1238888888888887,4.985555555555556,2.7352777777777777,6.6369444444444445
Oviedo,2.637777777777778,6.298055555555556,7.696944444444444,8.856944444444444,3.4344444444444444,5.588055555555556,7.884722222222222,2.706111111111111,2.6461111111111113,4.636111111111111,7.836388888888889,8.124444444444444,5.795277777777778,7.8116666666666665,5.614722222222222,8.469722222222222,7.642777777777778,4.622222222222222,7.457222222222223,5.804166666666666,6.889722222222222,1.2508333333333332,6.459444444444444,3.8680555555555554,2.298611111111111,4.074722222222222,9.494444444444444,7.549722222222222,3.3330555555555557,0.0,2.4052777777777776,4.060833333333333,3.7255555555555557,2.868611111111111,3.6347222222222224,1.8591666666666666,3.6108333333333333,8.301111111111112,4.262222222222222,7.2575,6.728055555555556,4.586111111111111,7.195277777777778,2.658333333333333,3.2647222222222223,2.445,5.2780555555555555
Palencia,4.025833333333333,4.646388888888889,6.045277777777778,7.243333333333333,1.8105555555555555,4.299166666666666,6.105277777777777,2.2219444444444445,0.8611111111111112,3.3475,6.5475,6.149444444444445,4.171944444444445,6.521388888888889,3.9630555555555556,6.690277777777778,6.019166666666667,2.796666666666667,6.168333333333333,4.105833333333333,5.266111111111111,1.3433333333333333,4.718333333333334,2.089722222222222,3.2111111111111112,2.451388888888889,8.204722222222221,5.898611111111111,3.5283333333333333,2.4444444444444446,0.0,2.6694444444444443,4.6125,1.5441666666666667,2.738888888888889,1.8544444444444443,1.5555555555555556,5.458333333333333,2.301388888888889,5.478055555555556,4.6755555555555555,2.9627777777777777,5.5441666666666665,0.5658333333333333,1.8466666666666667,1.5869444444444445,3.498611111111111
Pamplona,6.047777777777778,5.658611111111111,5.941666666666666,7.868888888888889,4.230833333333333,6.719722222222222,4.294722222222222,1.4833333333333334,1.9113888888888888,5.768055555555556,8.968055555555555,4.516944444444444,5.664722222222222,7.335277777777778,4.728888888888889,4.79,7.438055555555556,3.3247222222222224,8.588611111111112,1.8319444444444444,6.685,3.3652777777777776,2.9005555555555556,0.7972222222222223,5.233055555555556,3.875,9.179444444444444,6.301111111111111,5.8597222222222225,4.041666666666667,2.6486111111111112,0.0,6.943611111111111,3.964722222222222,0.8866666666666667,2.399722222222222,3.792777777777778,7.878611111111111,1.7825,3.667777777777778,3.1241666666666665,4.472222222222222,4.364166666666667,2.986666666666667,0.9941666666666666,4.007777777777778,1.6880555555555556
Pontevedra,1.585,7.852777777777778,9.251388888888888,10.421388888888888,4.988611111111111,5.455277777777778,10.332777777777778,5.979444444444445,5.155555555555556,6.016388888888889,9.216111111111111,9.393888888888888,7.35,8.625,7.169444444444444,10.917777777777777,9.243055555555555,6.176944444444445,7.306388888888889,8.33361111111111,8.443888888888889,3.734166666666667,8.907222222222222,6.317222222222222,1.825,5.629444444444444,10.308333333333334,9.104444444444445,1.2594444444444444,3.67,4.536388888888889,6.896944444444444,0.0,4.245555555555556,6.966388888888889,5.132777777777778,5.165555555555556,8.126666666666667,6.344444444444444,9.705555555555556,8.632222222222222,6.140833333333333,8.75,4.213055555555556,6.141666666666667,3.821388888888889,7.726111111111111
Salamanca,4.046111111111111,4.286944444444444,5.685555555555555,6.855555555555555,0.9991666666666666,2.8575,7.473611111111111,3.5252777777777777,2.165,1.9055555555555554,5.110833333333333,5.828333333333333,3.7847222222222223,5.079722222222222,3.6038888888888887,8.05861111111111,5.631388888888889,2.611111111111111,4.726666666666667,5.409722222222222,4.878333333333333,1.9147222222222222,6.034722222222222,3.4411111111111112,3.231388888888889,2.0636111111111113,6.763055555555556,5.538611111111111,3.3,2.959722222222222,1.5391666666666666,3.973333333333333,4.323888888888889,0.0,4.042777777777777,3.24,1.7158333333333333,4.016388888888889,3.2977777777777777,6.846666666666667,5.066388888888889,2.576111111111111,5.184166666666667,1.166388888888889,3.198611111111111,0.9483333333333334,4.8025
San Sebastián,5.837777777777778,6.189166666666667,6.762777777777778,8.69,4.316111111111111,6.804722222222222,5.115833333333334,1.043611111111111,1.9961111111111112,5.853055555555556,9.053055555555556,5.337777777777778,6.009722222222222,7.68,5.532777777777778,5.319444444444445,7.782777777777778,4.145833333333333,8.67388888888889,2.6533333333333333,7.029722222222222,3.450277777777778,3.6902777777777778,1.6577777777777778,5.3180555555555555,4.128611111111111,9.524166666666666,7.122222222222222,5.9447222222222225,3.608888888888889,2.7830555555555554,0.9097222222222222,7.028888888888889,4.049722222222222,0.0,1.9669444444444444,3.8777777777777778,7.963611111111111,2.6038888888888887,4.488611111111111,3.9383333333333335,4.816944444444444,5.185,3.0719444444444446,1.071388888888889,4.092777777777778,2.5091666666666668
Santander,4.110277777777778,6.187777777777778,7.586944444444445,9.001944444444444,3.538611111111111,6.027222222222222,6.270277777777777,1.1088888888888888,1.9230555555555555,5.075555555555556,8.275833333333333,6.4925,5.900277777777778,7.6786111111111115,5.504722222222222,6.855277777777777,7.781944444444444,4.338333333333333,7.8966666666666665,4.206944444444445,7.028888888888889,2.3980555555555556,4.845,2.266111111111111,3.7708333333333335,4.1275,9.523333333333333,7.440277777777778,4.892222222222222,1.8805555555555555,1.875,2.463611111111111,5.1975,3.272222222222222,2.0375,0.0,3.283611111111111,7.186388888888889,3.2519444444444443,5.6433333333333335,5.093055555555556,4.815833333333333,6.339444444444444,2.2944444444444443,1.6675,3.315,3.663611111111111
Segovia,6.802222222222222,3.285833333333333,4.684166666666667,5.850833333333333,0.8830555555555556,4.193333333333333,6.489166666666667,3.345833333333333,1.9775,3.488611111111111,6.378055555555555,4.827222222222222,2.7830555555555554,4.527222222222222,2.576388888888889,7.074166666666667,4.6305555555555555,1.61,5.998888888888889,4.49,3.8775,2.7333333333333334,5.063888888888889,3.2125,3.9947222222222223,1.0625,6.371944444444445,4.5375,4.170555555555556,3.6630555555555557,1.5583333333333333,3.7933333333333334,5.254444444444444,1.7097222222222221,3.8627777777777776,3.26,0.0,5.288611111111111,2.1841666666666666,5.862222222222222,4.063611111111111,1.573888888888889,4.183055555555556,1.1677777777777778,2.971111111111111,2.1825,3.8827777777777777
Sevilla,7.921944444444445,4.8805555555555555,5.6275,3.863888888888889,4.809722222222222,2.120833333333333,9.301944444444445,7.4255555555555555,6.064722222222223,2.3627777777777776,1.2438888888888888,8.289444444444445,3.8336111111111113,1.5086111111111111,6.062777777777778,10.019722222222223,2.5855555555555556,5.122777777777777,0.8794444444444445,7.996944444444445,2.543888888888889,5.791111111111111,8.620833333333334,7.687777777777778,7.1075,4.675277777777778,2.8872222222222224,5.0344444444444445,7.591111111111111,6.775833333333333,5.438888888888889,7.873055555555555,7.585,4.0136111111111115,7.9425,7.139722222222222,5.300833333333333,0.0,6.570833333333334,8.446666666666667,6.918611111111111,4.3475,6.338888888888889,5.066111111111111,7.050833333333333,4.824722222222222,7.438055555555556
Soria,5.980833333333333,4.081666666666667,5.3180555555555555,6.895,2.9588888888888887,5.525277777777778,4.333333333333333,2.308333333333333,1.7547222222222223,4.689166666666667,7.739722222222222,3.8933333333333335,3.9183333333333334,5.588333333333333,3.1569444444444446,4.918333333333333,5.691666666666666,1.5775,7.330555555555556,2.3341666666666665,4.961944444444445,3.198888888888889,2.9080555555555554,1.218611111111111,5.066944444444444,2.1241666666666665,7.433055555555556,5.333888888888889,5.358333333333333,4.300277777777778,2.2936111111111113,1.8183333333333334,6.4425,3.3275,2.6108333333333333,3.225,2.203611111111111,6.620277777777778,0.0,3.706111111111111,2.4966666666666666,2.7255555555555557,3.7402777777777776,2.3644444444444446,1.9505555555555556,3.370277777777778,1.7266666666666666
Tarragona,8.778333333333334,4.019722222222223,3.955,5.875277777777778,5.913611111111111,8.228333333333333,1.0483333333333333,4.626111111111111,4.642777777777778,7.3925,9.003055555555555,1.8247222222222221,5.246666666666667,6.851666666666667,4.4425,1.7663888888888888,8.395,4.280833333333334,10.016944444444444,2.11,6.201944444444444,6.095833333333333,0.9566666666666667,3.4905555555555554,7.963888888888889,4.831388888888889,10.136388888888888,4.314444444444445,8.590277777777779,7.197222222222222,5.379166666666666,3.6302777777777777,9.674166666666666,6.7316666666666665,4.421666666666667,5.542777777777777,5.726666666666667,9.323611111111111,3.6502777777777777,0.0,3.109166666666667,5.4286111111111115,2.3825,5.717222222222222,4.2683333333333335,6.737777777777778,2.175
Teruel,8.345,2.6519444444444447,3.0116666666666667,4.932777777777778,4.279166666666667,6.658611111111111,3.933333333333333,4.1975,4.931111111111111,5.823333333333333,7.453888888888889,1.5863888888888888,3.6980555555555554,5.302777777777778,1.7247222222222223,4.651111111111111,5.405555555555556,2.6466666666666665,7.266666666666667,2.2730555555555556,4.726388888888889,5.6625,3.0880555555555556,3.0619444444444444,7.4725,3.1972222222222224,7.485555555555556,3.371111111111111,7.648611111111111,6.756388888888889,4.6947222222222225,3.2016666666666667,8.7325,5.0975,3.9930555555555554,5.114166666666667,4.092222222222222,6.495555555555556,2.524722222222222,3.0855555555555556,0.0,3.54,1.4336111111111112,4.765555555555555,3.839722222222222,5.660277777777778,1.6841666666666666
Toledo,5.802222222222222,2.328611111111111,3.8905555555555558,4.5216666666666665,1.6527777777777777,3.2708333333333335,6.160833333333334,4.286944444444444,2.918888888888889,2.4355555555555557,5.355555555555555,4.105555555555555,1.3902777777777777,3.203888888888889,1.8791666666666667,6.745833333333334,3.3069444444444445,1.2883333333333333,5.168333333333333,4.161944444444444,2.553888888888889,3.671388888888889,4.735555555555556,3.8536111111111113,4.987777777777778,0.8577777777777778,5.048333333333333,3.5805555555555557,5.163888888888889,4.655833333333334,2.976111111111111,4.511388888888889,6.2475,2.576388888888889,4.804166666666666,4.677222222222222,1.6075,4.366666666666666,2.7358333333333333,5.533611111111111,3.536111111111111,0.0,3.4608333333333334,2.6033333333333335,3.9122222222222223,3.1752777777777776,3.6030555555555557
Valencia,8.428333333333333,1.7602777777777778,1.6905555555555556,3.611666666666667,4.420555555555556,6.595555555555555,3.221111111111111,6.5575,5.189444444444445,5.73,6.885833333333333,0.9019444444444444,3.1327777777777777,4.7347222222222225,2.0894444444444447,3.9391666666666665,4.3838888888888885,3.536388888888889,6.698611111111111,3.495,4.084444444444444,6.2972222222222225,3.1280555555555556,4.283888888888889,7.5616666666666665,3.2425,6.164444444444444,2.05,7.789722222222222,7.281944444444444,5.5441666666666665,4.423611111111111,8.873611111111112,5.186388888888889,5.215,6.336111111111111,4.233333333333333,5.927222222222222,3.7466666666666666,2.3658333333333332,1.4355555555555555,3.4844444444444442,0.0,5.229166666666667,5.0616666666666665,5.801388888888889,2.906111111111111
Valladolid,3.8338888888888887,4.294444444444444,5.692777777777778,6.853611111111111,1.4305555555555556,3.9191666666666665,6.416111111111111,2.5327777777777776,1.1719444444444445,3.091111111111111,6.1675,5.837777777777778,3.7919444444444443,5.536111111111111,3.5794444444444444,7.001111111111111,5.638888888888889,2.618888888888889,5.788333333333333,4.416944444444445,4.886111111111111,1.6191666666666666,4.990833333333334,2.399722222222222,3.0194444444444444,2.071111111111111,7.380277777777778,5.546388888888889,3.5330555555555554,2.7330555555555556,0.5458333333333333,2.979722222222222,4.279166666666667,1.1641666666666666,3.0502777777777776,2.2472222222222222,1.1616666666666666,5.078055555555555,2.3452777777777776,5.788888888888889,4.7175,2.582777777777778,5.1930555555555555,0.0,2.1580555555555554,1.2069444444444444,3.8097222222222222
Vitoria-Gasteiz,5.848333333333334,5.318333333333333,6.716666666666667,8.126388888888888,3.444722222222222,5.933611111111111,4.983611111111111,0.7372222222222222,1.125,4.981944444444444,8.223055555555556,5.2058333333333335,5.138333333333334,6.808888888888889,4.634722222222222,5.568611111111111,6.911666666666667,3.4430555555555555,7.8438888888888885,2.741111111111111,6.158611111111111,2.5791666666666666,3.6755555555555555,0.9183333333333333,4.447222222222222,3.2575,8.653055555555556,6.570277777777778,5.074166666666667,3.2955555555555556,1.8627777777777779,0.9988888888888889,6.293611111111111,3.1783333333333332,1.0788888888888888,1.6533333333333333,3.006388888888889,7.133611111111111,1.9666666666666666,4.356388888888889,3.806388888888889,3.9458333333333333,5.0525,2.200833333333333,0.0,3.221388888888889,2.3769444444444443
Zamora,3.641388888888889,4.8525,6.250555555555556,7.411388888888889,1.8744444444444444,3.6758333333333333,7.455555555555556,3.5719444444444446,2.211388888888889,2.7241666666666666,5.924444444444444,6.393888888888889,4.349722222222222,5.898055555555556,4.1691666666666665,8.040555555555555,6.196944444444444,3.1766666666666667,5.545,5.456388888888889,5.443888888888889,1.5105555555555557,6.168611111111111,3.4391666666666665,2.8269444444444445,2.629166666666667,7.581388888888889,6.104166666666667,2.832222222222222,2.495,1.5852777777777778,4.019722222222223,3.9163888888888887,0.9566666666666667,4.089166666666666,3.286111111111111,2.1655555555555557,4.835,3.345,6.879444444444444,5.630833333333333,3.1405555555555558,5.749722222222222,1.2127777777777777,3.1972222222222224,0.0,4.849166666666667
Zaragoza,6.870555555555556,4.177222222222222,4.459444444444444,6.380277777777778,4.020555555555555,6.334722222222222,2.8513888888888888,2.7183333333333333,2.735,5.499444444444444,8.549722222222222,3.0347222222222223,4.7283333333333335,6.398611111111111,3.266111111111111,3.4363888888888887,6.501388888888889,2.388333333333333,8.140555555555556,0.7847222222222222,5.748333333333333,4.1883333333333335,1.426111111111111,1.5827777777777778,6.056111111111111,2.9383333333333335,8.242777777777778,4.819166666666667,6.682777777777778,5.289166666666667,3.4716666666666667,1.7222222222222223,7.766666666666667,4.787222222222222,2.513888888888889,3.635,3.8880555555555554,7.430555555555555,1.7427777777777778,2.2244444444444444,1.6355555555555557,3.5355555555555553,2.881666666666667,3.8094444444444444,2.3605555555555555,4.830277777777778,0.0
